,precision,recall,f1-score,support
0,0.9462857142857143,0.06461934678269013,0.12097746283376556,25627.0
1,0.21959239484307852,0.9862553004825266,0.35920649713753156,6839.0
accuracy,0.2587630136142426,0.2587630136142426,0.2587630136142426,0.2587630136142426
macro avg,0.5829390545643964,0.5254373236326084,0.24009197998564857,32466.0
weighted avg,0.7932069361280051,0.2587630136142426,0.17116068114225616,32466.0
