,model,sample_size,test_acc,test_prec,test_rec,test_f1,test_mcc
0,roberta_sentiment_base,32000,0.504625,0.2808416602613374,0.8689060642092746,0.4244844612256753,0.2363418535166545
1,roberta_sentiment_mixed_cleaned,32000,0.778625,0.4791958859280037,0.6093935790725327,0.536508767338393,0.3987233020809399
2,roberta_sentiment_mixed_uncleaned,32000,0.786375,0.4934130275676994,0.601218787158145,0.5420072356961008,0.4078222902060074
3,roberta_hate_base,32000,0.68996875,0.3753221397891448,0.7143281807372176,0.4920903087083397,0.3308694691270483
4,roberta_hate_mixed_cleaned,32000,0.7899375,0.5003377617653681,0.6605231866825209,0.5693786034593209,0.4412623183016761
5,roberta_hate_mixed_uncleaned,32000,0.84025,0.6235851942490058,0.6059750297265161,0.6146540027137043,0.5140031344981343
6,roberta_hate_mixed_uncleaned_lora,32000,0.6800625,0.3695167286245353,0.7387039239001189,0.4926157200911884,0.332813876221498
7,bert_tuned_uncased_mixed,32000,0.7804375,0.4842105263157895,0.6482717697670969,0.5543574781174679,0.4204545840647883
