,precision,recall,f1-score,support
0,0.8780780036357627,0.8293206383891989,0.8530031506491943,25627.0
1,0.47058823529411764,0.5685041672759176,0.514932785908218,6839.0
accuracy,0.7743793507053532,0.7743793507053532,0.7743793507053532,0.7743793507053532
macro avg,0.6743331194649402,0.6989124028325582,0.6839679682787061,32466.0
weighted avg,0.792239818282208,0.7743793507053532,0.7817882419920288,32466.0
