,precision,recall,f1-score,support
0,0.8554106136970057,0.8251258293296728,0.8399953419313517,34968.0
1,0.5963429929368275,0.6494141327007404,0.6217481073640743,13911.0
accuracy,0.7751181488982999,0.7751181488982999,0.7751181488982999,0.7751181488982999
macro avg,0.7258768033169165,0.7372699810152066,0.730871724647713,48879.0
weighted avg,0.7816797748419793,0.7751181488982999,0.7778820155526328,48879.0
