,precision,recall,f1-score,support
0,0.9056428001064679,0.5310805010340657,0.6695363423933096,25627.0
1,0.31087280651450855,0.7926597455768387,0.4465955431066442,6839.0
accuracy,0.5861824678124807,0.5861824678124807,0.5861824678124807,0.5861824678124807
macro avg,0.6082578033104882,0.6618701233054523,0.5580659427499769,32466.0
weighted avg,0.7803538212924652,0.5861824678124807,0.6225736082615563,32466.0
