vectorization,kernel,degree,C,gamma,random_state,class_weight,train_precision_0,train_recall_0,train_f1_0,train_support_0,train_precision_1,train_recall_1,train_f1_1,train_support_1,train_accuracy,train_recall,train_precision,train_f1,test_precision_0,test_recall_0,test_f1_0,test_support_0,test_precision_1,test_recall_1,test_f1_1,test_support_1,test_accuracy,test_recall,test_precision,test_f1
tfidf,rbf,X,1,0.1,42,"{0: 1, 1: 1}",0.8162188688504478,0.9872384626799229,0.893619879113499,33695,0.7975517890772128,0.18445121951219512,0.29961089494163423,9184,0.8152941999580214,0.18445121951219512,0.7975517890772128,0.29961089494163423,0.8164190235786817,0.9842312746386334,0.8925054876136721,14459,0.7592397043294614,0.18346516968614443,0.2955199342375668,3919,0.8134726303188595,0.18346516968614443,0.7592397043294614,0.2955199342375668
tfidf,rbf,X,1,1.0,42,"{0: 1, 1: 1}",0.9028264739198446,0.9934708413711233,0.9459822248597629,33695,0.9620755042234097,0.6076872822299652,0.7448782115448782,9184,0.9108421371767066,0.6076872822299652,0.9620755042234097,0.7448782115448782,0.8319451828223758,0.9740645964451207,0.8974130240856378,14459,0.7412008281573499,0.27404950242408777,0.40014903129657226,3919,0.824790510392861,0.27404950242408777,0.7412008281573499,0.40014903129657226
tfidf,rbf,X,1,0.1,42,"{0: 1, 1: 3}",0.9127495872659876,0.8696245733788396,0.8906653697680782,33695,0.5923348181143281,0.6950130662020906,0.6395791583166331,9184,0.8322255649618695,0.6950130662020906,0.5923348181143281,0.6395791583166331,0.8868101028999065,0.8523411024275538,0.8692340245450698,14459,0.5235438518187905,0.5986220974738453,0.5585714285714285,3919,0.7982370225269344,0.5986220974738453,0.5235438518187905,0.5585714285714285
tfidf,rbf,X,1,1.0,42,"{0: 1, 1: 3}",0.9989087933072656,0.9780382846119602,0.9883633746213597,33695,0.9251618122977346,0.9960801393728222,0.9593120805369127,9184,0.98190256302619,0.9960801393728222,0.9251618122977346,0.9593120805369127,0.8678885823150703,0.9136869769693616,0.8901991172804151,14459,0.6045627376425855,0.4868588925746364,0.5393639575971731,3919,0.8226684078789858,0.4868588925746364,0.6045627376425855,0.5393639575971731
