,model,dataset_name,sample_size,threshold,accuracy,precision,recall,f1_score,mcc
0,BalancedRandomForest,df_mixed_train_uncleaned,1000,0.5,0.82,0.5,0.6222222222222222,0.5544554455445545,0.44750711858350684
1,ComplementNB,df_mixed_train_uncleaned,1000,0.5,0.681,0.34022988505747126,0.8222222222222222,0.4813008130081301,0.36594915355559116
2,LinearSVC,df_mixed_train_uncleaned,1000,None,0.798,0.4601449275362319,0.7055555555555556,0.5570175438596491,0.4502200610015271
3,RNN-LSTM,df_mixed_train_uncleaned,1000,0.5,0.755,0.4114441416893733,0.8388888888888889,0.5521023765996343,0.45870575698379895
4,RNN-GRU,df_mixed_train_uncleaned,1000,0.5,0.904,0.6842105263157895,0.8666666666666667,0.7647058823529411,0.7132265519903864
5,bert_tuned_uncased,df_mixed_train_uncleaned,1000,0.5,0.821,0.5022222222222222,0.6277777777777778,0.5580246913580247,0.45191079694842273
6,roberta_hate_mixed_cleaned,df_mixed_train_uncleaned,1000,0.5,0.813,0.4851063829787234,0.6333333333333333,0.5493975903614458,0.4401607653658311
