,model,dataset_name,sample_size,threshold,accuracy,precision,recall,f1_score,mcc
0,BalancedRandomForest,df_mixed_test_cleaned_rnn,1000,0.35,0.698,0.38213399503722084,0.7439613526570048,0.5049180327868853,0.35515182093962816
1,ComplementNB,df_mixed_test_cleaned_rnn,1000,0.35,0.384,0.24659231722428748,0.961352657004831,0.39250493096646943,0.19982382456345738
2,LinearSVC,df_mixed_test_cleaned_rnn,1000,None,0.754,0.43769968051118213,0.6618357487922706,0.5269230769230769,0.38434304532943764
3,RNN-LSTM,df_mixed_test_cleaned_rnn,1000,0.35,0.627,0.34220532319391633,0.8695652173913043,0.49113233287858116,0.3515407909090944
4,RNN-GRU,df_mixed_test_cleaned_rnn,1000,0.35,0.771,0.46686746987951805,0.748792270531401,0.575139146567718,0.45217959683629094
5,bert_tuned_uncased,df_mixed_test_cleaned_rnn,1000,0.35,0.807,0.524822695035461,0.714975845410628,0.6053169734151329,0.49161539188682174
6,roberta_hate_mixed_cleaned,df_mixed_test_cleaned_rnn,1000,0.35,0.83,0.5829596412556054,0.6280193236714976,0.6046511627906976,0.4971201675176508
