,model,dataset_name,sample_size,threshold,accuracy,precision,recall,f1_score,mcc
0,BalancedRandomForest,df_mixed_test_cleaned_rnn,32529,0.5,0.7684835070245012,0.46198118428334256,0.6098772647574517,0.5257258013728824,0.3827763282181748
1,ComplementNB,df_mixed_test_cleaned_rnn,32529,0.5,0.5713670878293216,0.31100580373782016,0.853448275862069,0.4558829268292683,0.28850413317712403
2,LinearSVC,df_mixed_test_cleaned_rnn,32529,None,0.7364505518153033,0.420898526855156,0.6721215663354764,0.5176391155122939,0.367362455486811
3,RNN-LSTM,df_mixed_test_cleaned_rnn,32529,0.5,0.6928279381474991,0.3886373284279043,0.8026008182349503,0.5236914863190009,0.38332297382908526
4,RNN-GRU,df_mixed_test_cleaned_rnn,32529,0.5,0.7826247348519783,0.4881387814818685,0.6824956165984805,0.5691829647230854,0.43991084856819224
5,bert_tuned_uncased,df_mixed_test_cleaned_rnn,32529,0.5,0.8018691014171969,0.5224738087191618,0.6776738749269433,0.5900388016029514,0.46906904066840943
6,roberta_hate_mixed_cleaned,df_mixed_test_cleaned_rnn,32529,0.5,0.820929017184666,0.5683800832103073,0.6187901811805961,0.5925148653375306,0.47873966719682615
