,model,dataset_name,sample_size,threshold,accuracy,precision,recall,f1_score,mcc
0,BalancedRandomForest,df_mixed_train_cleaned,81904,0.5,0.887111740574331,0.6301292063041317,0.9029501525940997,0.7422645927412611,0.6907452940931268
1,ComplementNB,df_mixed_train_cleaned,81904,0.5,0.7729659113108029,0.4294820133343102,0.795116988809766,0.5577147206431511,0.4590570104886242
2,LinearSVC,df_mixed_train_cleaned,81904,None,0.7953579800742332,0.46218487394957986,0.8355374703289251,0.5951547064080578,0.5101063242997431
3,RNN-LSTM,df_mixed_train_cleaned,81904,0.5,0.7092449697206485,0.3654650645304851,0.8354018311291963,0.508482972136223,0.40360421172036237
4,RNN-GRU,df_mixed_train_cleaned,81904,0.5,0.8250879077944911,0.5089964357796195,0.8038657171922685,0.6233172065628944,0.5396721857600271
5,bert_tuned_uncased,df_mixed_train_cleaned,81904,0.5,0.9062438952920492,0.7192503413181085,0.7860291624279416,0.7511584950905732,0.6945769366152746
6,roberta_hate_mixed_cleaned,df_mixed_train_cleaned,81904,0.5,0.9237399882789608,0.8079124701108615,0.7561885384876229,0.7811952637847684,0.7356692838710713
