,model,dataset_name,sample_size,threshold,accuracy,precision,recall,f1_score,mcc
0,BalancedRandomForest,df_mixed_test_cleaned,1000,0.5,0.81,0.5121107266435986,0.751269035532995,0.6090534979423868,0.5051105301991824
1,ComplementNB,df_mixed_test_cleaned,1000,0.5,0.728,0.40105540897097625,0.7715736040609137,0.5277777777777778,0.4008030617271415
2,LinearSVC,df_mixed_test_cleaned,1000,None,0.752,0.43376623376623374,0.8477157360406091,0.5738831615120275,0.4710008458290397
3,RNN-LSTM,df_mixed_test_cleaned,1000,0.5,0.662,0.35343035343035345,0.8629441624365483,0.5014749262536873,0.3786334686807828
4,RNN-GRU,df_mixed_test_cleaned,1000,0.5,0.766,0.44510385756676557,0.7614213197969543,0.5617977528089888,0.4447344963693378
5,bert_tuned_uncased,df_mixed_test_cleaned,1000,0.5,0.844,0.5944700460829493,0.6548223350253807,0.6231884057971014,0.5260929782778396
6,roberta_hate_mixed_cleaned,df_mixed_test_cleaned,1000,0.5,0.847,0.6208791208791209,0.5736040609137056,0.5963060686015831,0.5027015003091141
