,model,dataset_name,sample_size,threshold,accuracy,precision,recall,f1_score,mcc
0,BalancedRandomForest,df_mixed_train_cleaned_rnn,1000,0.35,0.758,0.43902439024390244,0.8223350253807107,0.5724381625441696,0.4653361071680746
1,ComplementNB,df_mixed_train_cleaned_rnn,1000,0.35,0.467,0.26795580110497236,0.9847715736040609,0.4212812160694897,0.2889427248384145
2,LinearSVC,df_mixed_train_cleaned_rnn,1000,None,0.803,0.5,0.7258883248730964,0.5921325051759835,0.4821538661029091
3,RNN-LSTM,df_mixed_train_cleaned_rnn,1000,0.35,0.688,0.3747276688453159,0.8730964467005076,0.524390243902439,0.4115966856877691
4,RNN-GRU,df_mixed_train_cleaned_rnn,1000,0.35,0.907,0.6805555555555556,0.9949238578680203,0.8082474226804124,0.7732354179076331
5,bert_tuned_uncased,df_mixed_train_cleaned_rnn,1000,0.35,0.836,0.5714285714285714,0.6700507614213198,0.616822429906542,0.5159657990716171
6,roberta_hate_mixed_cleaned,df_mixed_train_cleaned_rnn,1000,0.35,0.849,0.615,0.6243654822335025,0.6196473551637279,0.5254790431035072
