,model,dataset_name,sample_size,threshold,accuracy,precision,recall,f1_score,mcc
0,BalancedRandomForest,df_mixed_test_cleaned_rnn,1000,0.35,0.7,0.39759036144578314,0.7674418604651163,0.5238095238095238,0.3743431627637602
1,ComplementNB,df_mixed_test_cleaned_rnn,1000,0.35,0.378,0.24969249692496925,0.9441860465116279,0.3949416342412451,0.1760783539734283
2,LinearSVC,df_mixed_test_cleaned_rnn,1000,None,0.75,0.44680851063829785,0.6837209302325581,0.5404411764705882,0.3951045283362964
3,RNN-LSTM,df_mixed_test_cleaned_rnn,1000,0.35,0.633,0.3560606060606061,0.8744186046511628,0.506056527590848,0.3631597003308727
4,RNN-GRU,df_mixed_test_cleaned_rnn,1000,0.35,0.787,0.503030303030303,0.772093023255814,0.6091743119266055,0.492043718124308
5,bert_tuned_uncased,df_mixed_test_cleaned_rnn,1000,0.35,0.807,0.5392857142857143,0.7023255813953488,0.6101010101010101,0.49225090845194247
6,roberta_hate_mixed_cleaned,df_mixed_test_cleaned_rnn,1000,0.35,0.82,0.575107296137339,0.6232558139534884,0.5982142857142857,0.4831234755759648
