,model,dataset_name,sample_size,threshold,accuracy,precision,recall,f1_score,mcc
0,BalancedRandomForest,df_mixed_train_cleaned,1000,0.5,0.885,0.6414342629482072,0.8655913978494624,0.7368421052631579,0.6775681409683953
1,ComplementNB,df_mixed_train_cleaned,1000,0.5,0.78,0.44970414201183434,0.8172043010752689,0.5801526717557252,0.4842589234218589
2,LinearSVC,df_mixed_train_cleaned,1000,None,0.796,0.47115384615384615,0.7903225806451613,0.5903614457831325,0.4935073635082253
3,RNN-LSTM,df_mixed_train_cleaned,1000,0.5,0.704,0.36650485436893204,0.8118279569892473,0.5050167224080268,0.38831141406534436
4,RNN-GRU,df_mixed_train_cleaned,1000,0.5,0.84,0.5467625899280576,0.8172043010752689,0.6551724137931034,0.5753162231217283
5,bert_tuned_uncased,df_mixed_train_cleaned,1000,0.5,0.908,0.7526881720430108,0.7526881720430108,0.7526881720430108,0.6961771155319543
6,roberta_hate_mixed_cleaned,df_mixed_train_cleaned,1000,0.5,0.924,0.8273809523809523,0.7473118279569892,0.7853107344632768,0.7406966174318791
