,model,dataset_name,sample_size,threshold,accuracy,precision,recall,f1_score,mcc
0,BalancedRandomForest,df_mixed_manual_uncleaned_old,498,0.35,0.7751004016064257,0.7047970479704797,0.8565022421524664,0.7732793522267206,0.5647098283382649
1,ComplementNB,df_mixed_manual_uncleaned_old,498,0.35,0.6044176706827309,0.5315533980582524,0.9820627802690582,0.6897637795275591,0.3686873148183249
2,LinearSVC,df_mixed_manual_uncleaned_old,498,None,0.7871485943775101,0.7349397590361446,0.820627802690583,0.7754237288135594,0.5774538204897481
3,RNN-LSTM,df_mixed_manual_uncleaned_old,498,0.35,0.7349397590361446,0.6408668730650154,0.9282511210762332,0.7582417582417582,0.5274975393674327
4,RNN-GRU,df_mixed_manual_uncleaned_old,498,0.35,0.7891566265060241,0.7521367521367521,0.7892376681614349,0.7702407002188184,0.576213646057717
5,bert_tuned_uncased,df_mixed_manual_uncleaned_old,498,0.35,0.7971887550200804,0.7541666666666667,0.8116591928251121,0.7818574514038877,0.5942379284206926
6,roberta_hate_mixed_cleaned,df_mixed_manual_uncleaned_old,498,0.35,0.8413654618473896,0.8243243243243243,0.820627802690583,0.8224719101123595,0.6791031410227437
