,model,dataset_name,sample_size,threshold,accuracy,precision,recall,f1_score,mcc
0,BalancedRandomForest,df_mixed_train_cleaned_rnn,1000,0.35,0.763,0.3867069486404834,0.7901234567901234,0.5192697768762677,0.4289808681476579
1,ComplementNB,df_mixed_train_cleaned_rnn,1000,0.35,0.445,0.22284908321579688,0.9753086419753086,0.36280137772675086,0.25778114347623843
2,LinearSVC,df_mixed_train_cleaned_rnn,1000,None,0.804,0.430327868852459,0.6481481481481481,0.5172413793103449,0.41373311231444704
3,RNN-LSTM,df_mixed_train_cleaned_rnn,1000,0.35,0.723,0.36211031175059955,0.9320987654320988,0.5215889464594128,0.45932882692428734
4,RNN-GRU,df_mixed_train_cleaned_rnn,1000,0.35,0.916,0.6585365853658537,1.0,0.7941176470588235,0.7697569474796202
5,bert_tuned_uncased,df_mixed_train_cleaned_rnn,1000,0.35,0.85,0.5283018867924528,0.691358024691358,0.5989304812834224,0.5156612069958717
6,roberta_hate_mixed_cleaned,df_mixed_train_cleaned_rnn,1000,0.35,0.856,0.5478723404255319,0.6358024691358025,0.5885714285714285,0.5039239999426919
