,model,dataset_name,sample_size,threshold,accuracy,precision,recall,f1_score,mcc
0,BalancedRandomForest,df_mixed_manual_uncleaned_old,430,0.35,0.7627906976744186,0.6586538461538461,0.8154761904761905,0.7287234042553191,0.5315965010291036
1,ComplementNB,df_mixed_manual_uncleaned_old,430,0.35,0.5674418604651162,0.47398843930635837,0.9761904761904762,0.6381322957198443,0.34646424786655183
2,LinearSVC,df_mixed_manual_uncleaned_old,430,None,0.7674418604651163,0.6770833333333334,0.7738095238095238,0.7222222222222222,0.5272014199129902
3,RNN-LSTM,df_mixed_manual_uncleaned_old,430,0.35,0.713953488372093,0.5868725868725869,0.9047619047619048,0.711943793911007,0.49483278204808573
4,RNN-GRU,df_mixed_manual_uncleaned_old,430,0.35,0.7813953488372093,0.7055555555555556,0.7559523809523809,0.7298850574712644,0.5475754714801966
5,bert_tuned_uncased,df_mixed_manual_uncleaned_old,430,0.35,0.786046511627907,0.7065217391304348,0.7738095238095238,0.7386363636363636,0.5598217218713725
6,roberta_hate_mixed_cleaned,df_mixed_manual_uncleaned_old,430,0.35,0.8302325581395349,0.7914110429447853,0.7678571428571429,0.7794561933534743,0.6417046289633513
