,model,dataset_name,sample_size,threshold,accuracy,precision,recall,f1_score,mcc
0,BalancedRandomForest,df_mixed_train_cleaned_rnn,83305,0.5,0.8380289298361443,0.5374805598755832,0.6940223575875226,0.605802097636507,0.5124863939997754
1,ComplementNB,df_mixed_train_cleaned_rnn,83305,0.5,0.6408738971250225,0.31769717624148003,0.8736193855010376,0.46594905299987505,0.35575983352282287
2,LinearSVC,df_mixed_train_cleaned_rnn,83305,None,0.8022567673008822,0.4670589245834049,0.7279603721801995,0.569029118593517,0.4671458295112641
3,RNN-LSTM,df_mixed_train_cleaned_rnn,83305,0.5,0.753916331552728,0.4101586480984846,0.8497222036280876,0.5532601115760112,0.4626173784008346
4,RNN-GRU,df_mixed_train_cleaned_rnn,83305,0.5,0.9352859972390613,0.7398271877825782,0.985808956422786,0.8452862677572105,0.8186820159449122
5,bert_tuned_uncased,df_mixed_train_cleaned_rnn,83305,0.5,0.8527219254546545,0.5711241342567928,0.7175848450364817,0.6360319202586846,0.5507871103158498
6,roberta_hate_mixed_cleaned,df_mixed_train_cleaned_rnn,83305,0.5,0.865218174179221,0.6178020443146467,0.6513822879710824,0.6341479309221245,0.5519016320618257
