,model,dataset_name,sample_size,threshold,accuracy,precision,recall,f1_score,mcc
0,BalancedRandomForest,df_mixed_test_cleaned_rnn,1000,0.5,0.777,0.4712230215827338,0.6328502415458938,0.5402061855670103,0.40467156365814544
1,ComplementNB,df_mixed_test_cleaned_rnn,1000,0.5,0.585,0.31625441696113077,0.8647342995169082,0.463130659767141,0.3079502692897568
2,LinearSVC,df_mixed_test_cleaned_rnn,1000,None,0.754,0.43769968051118213,0.6618357487922706,0.5269230769230769,0.38434304532943764
3,RNN-LSTM,df_mixed_test_cleaned_rnn,1000,0.5,0.701,0.3930232558139535,0.8164251207729468,0.5306122448979592,0.3987881775614512
4,RNN-GRU,df_mixed_test_cleaned_rnn,1000,0.5,0.797,0.5070422535211268,0.6956521739130435,0.5865580448065173,0.4664051219885765
5,bert_tuned_uncased,df_mixed_test_cleaned_rnn,1000,0.5,0.807,0.524822695035461,0.714975845410628,0.6053169734151329,0.49161539188682174
6,roberta_hate_mixed_cleaned,df_mixed_test_cleaned_rnn,1000,0.5,0.83,0.5829596412556054,0.6280193236714976,0.6046511627906976,0.4971201675176508
