,model,dataset_name,sample_size,threshold,accuracy,precision,recall,f1_score,mcc
0,BalancedRandomForest,df_mixed_train_uncleaned,81905,0.35,0.7578658201574996,0.4104559056504137,0.7907087148185826,0.5403939745075319,0.43701134320008084
1,ComplementNB,df_mixed_train_uncleaned,81905,0.35,0.46302423539466453,0.24739934335579747,0.9709732112580536,0.3943262411347518,0.2720995251913054
2,LinearSVC,df_mixed_train_uncleaned,81905,None,0.7910017703436909,0.45067963586482107,0.7353001017293997,0.5588371733415803,0.4542800725437005
3,RNN-LSTM,df_mixed_train_uncleaned,81905,0.35,0.7054270191075026,0.36686911113633786,0.8767039674465921,0.517276565094736,0.4225612452943292
4,RNN-GRU,df_mixed_train_uncleaned,81905,0.35,0.8878578841340578,0.6302840003749179,0.9121057985757884,0.7454479949006457,0.6955899402722459
5,bert_tuned_uncased,df_mixed_train_uncleaned,81905,0.35,0.8307307246199865,0.5237274441152707,0.65940996948118,0.5837886520564395,0.4843094488720364
6,roberta_hate_mixed_cleaned,df_mixed_train_uncleaned,81905,0.35,0.8261766680910811,0.5131701752566629,0.6712105798575788,0.5816461461608533,0.4812086153799168
