,model,dataset_name,sample_size,threshold,accuracy,precision,recall,f1_score,mcc
0,BalancedRandomForest,df_mixed_manual_uncleaned_old,430,0.5,0.7581395348837209,0.7,0.6666666666666666,0.6829268292682927,0.4880052157163829
1,ComplementNB,df_mixed_manual_uncleaned_old,430,0.5,0.6697674418604651,0.5481481481481482,0.8809523809523809,0.6757990867579908,0.4192074879368176
2,LinearSVC,df_mixed_manual_uncleaned_old,430,None,0.7674418604651163,0.6770833333333334,0.7738095238095238,0.7222222222222222,0.5272014199129902
3,RNN-LSTM,df_mixed_manual_uncleaned_old,430,0.5,0.7418604651162791,0.6233766233766234,0.8571428571428571,0.7218045112781954,0.5138066420624938
4,RNN-GRU,df_mixed_manual_uncleaned_old,430,0.5,0.7976744186046512,0.7484662576687117,0.7261904761904762,0.7371601208459214,0.5729326096946876
5,bert_tuned_uncased,df_mixed_manual_uncleaned_old,430,0.5,0.786046511627907,0.7065217391304348,0.7738095238095238,0.7386363636363636,0.5598217218713725
6,roberta_hate_mixed_cleaned,df_mixed_manual_uncleaned_old,430,0.5,0.8302325581395349,0.7914110429447853,0.7678571428571429,0.7794561933534743,0.6417046289633513
