,model,dataset_name,sample_size,threshold,accuracy,precision,recall,f1_score,mcc
0,BalancedRandomForest,df_mixed_test_uncleaned,32582,0.35,0.6859615738751458,0.37350657108721624,0.7308591466978375,0.4943664755880609,0.3352051268092302
1,ComplementNB,df_mixed_test_uncleaned,32582,0.35,0.4046712908968142,0.2565644029011364,0.9665400350672122,0.4054923836086677,0.22234314803050909
2,LinearSVC,df_mixed_test_uncleaned,32582,None,0.7243570069363452,0.4066078140022725,0.6797194623027469,0.5088323762646978,0.35496427870803454
3,RNN-LSTM,df_mixed_test_uncleaned,32582,0.35,0.6410287889018477,0.35203708221517443,0.8433664523670368,0.49672977624784853,0.35080776349835296
4,RNN-GRU,df_mixed_test_uncleaned,32582,0.35,0.7614940764839482,0.455385503898354,0.6912624196376388,0.5490628445424476,0.4120656476796325
5,bert_tuned_uncased,df_mixed_test_uncleaned,32582,0.35,0.7810447486342152,0.48415646853146854,0.6474284044418469,0.554013503375844,0.42055146329532683
6,roberta_hate_mixed_cleaned,df_mixed_test_uncleaned,32582,0.35,0.7904978208826959,0.5009973404255319,0.6605786090005844,0.5698260650365515,0.44205179007091233
