,model,dataset_name,sample_size,threshold,accuracy,precision,recall,f1_score,mcc
0,BalancedRandomForest,df_mixed_test_cleaned_rnn,32529,0.35,0.6943957699283716,0.3834399698908543,0.744301578024547,0.5061354264990809,0.3527469782125475
1,ComplementNB,df_mixed_test_cleaned_rnn,32529,0.35,0.39186571981923823,0.25314813401511105,0.9693161893629456,0.40145234493192133,0.21353230936298545
2,LinearSVC,df_mixed_test_cleaned_rnn,32529,None,0.7364505518153033,0.420898526855156,0.6721215663354764,0.5176391155122939,0.367362455486811
3,RNN-LSTM,df_mixed_test_cleaned_rnn,32529,0.35,0.6341725844630944,0.3500059333096001,0.8619228521332554,0.49784791965566716,0.35517078870457797
4,RNN-GRU,df_mixed_test_cleaned_rnn,32529,0.35,0.7641796550770082,0.4614667784922188,0.7235534774985388,0.5635277382645804,0.43219760223529724
5,bert_tuned_uncased,df_mixed_test_cleaned_rnn,32529,0.35,0.8018691014171969,0.5224738087191618,0.6776738749269433,0.5900388016029514,0.46906904066840943
6,roberta_hate_mixed_cleaned,df_mixed_test_cleaned_rnn,32529,0.35,0.820929017184666,0.5683800832103073,0.6187901811805961,0.5925148653375306,0.47873966719682615
