,model,dataset_name,sample_size,threshold,accuracy,precision,recall,f1_score,mcc
0,BalancedRandomForest,df_mixed_manual_uncleaned_new,430,0.5,0.7930232558139535,0.775,0.7005649717514124,0.7359050445103857,0.5683962990702699
1,ComplementNB,df_mixed_manual_uncleaned_new,430,0.5,0.7186046511627907,0.6037037037037037,0.9209039548022598,0.7293064876957495,0.5070094987706807
2,LinearSVC,df_mixed_manual_uncleaned_new,430,None,0.7883720930232558,0.7239583333333334,0.7853107344632768,0.7533875338753387,0.5700303662045286
3,RNN-LSTM,df_mixed_manual_uncleaned_new,430,0.5,0.772093023255814,0.670995670995671,0.8757062146892656,0.7598039215686274,0.5678282713148676
4,RNN-GRU,df_mixed_manual_uncleaned_new,430,0.5,0.813953488372093,0.7975460122699386,0.7344632768361582,0.7647058823529411,0.6127098853882302
5,bert_tuned_uncased,df_mixed_manual_uncleaned_new,430,0.5,0.8162790697674419,0.7663043478260869,0.7966101694915254,0.7811634349030471,0.6232973227452128
6,roberta_hate_mixed_cleaned,df_mixed_manual_uncleaned_new,430,0.5,0.8790697674418605,0.8834355828220859,0.8135593220338984,0.8470588235294118,0.7490740212171757
