,model,dataset_name,sample_size,threshold,accuracy,precision,recall,f1_score,mcc
0,BalancedRandomForest,df_mixed_test_cleaned,1000,0.35,0.697,0.38377192982456143,0.8883248730964467,0.5359877488514548,0.4299358815381109
1,ComplementNB,df_mixed_test_cleaned,1000,0.35,0.522,0.28081123244929795,0.9137055837563451,0.4295942720763723,0.28157437693217124
2,LinearSVC,df_mixed_test_cleaned,1000,None,0.752,0.43376623376623374,0.8477157360406091,0.5738831615120275,0.4710008458290397
3,RNN-LSTM,df_mixed_test_cleaned,1000,0.35,0.618,0.32710280373831774,0.8883248730964467,0.4781420765027322,0.35086995780062136
4,RNN-GRU,df_mixed_test_cleaned,1000,0.35,0.743,0.42346938775510207,0.8426395939086294,0.5636672325976231,0.45720383456216884
5,bert_tuned_uncased,df_mixed_test_cleaned,1000,0.35,0.844,0.5944700460829493,0.6548223350253807,0.6231884057971014,0.5260929782778396
6,roberta_hate_mixed_cleaned,df_mixed_test_cleaned,1000,0.35,0.847,0.6208791208791209,0.5736040609137056,0.5963060686015831,0.5027015003091141
