,model,dataset_name,sample_size,threshold,accuracy,precision,recall,f1_score,mcc
0,BalancedRandomForest,df_mixed_manual_uncleaned_new,498,0.5,0.8072289156626506,0.8240740740740741,0.7542372881355932,0.7876106194690266,0.613782476089498
1,ComplementNB,df_mixed_manual_uncleaned_new,498,0.5,0.7469879518072289,0.6656626506024096,0.9364406779661016,0.778169014084507,0.5431399178584914
2,LinearSVC,df_mixed_manual_uncleaned_new,498,None,0.8232931726907631,0.8008130081300813,0.8347457627118644,0.8174273858921162,0.646886442614641
3,RNN-LSTM,df_mixed_manual_uncleaned_new,498,0.5,0.7951807228915663,0.7278911564625851,0.9067796610169492,0.8075471698113208,0.6106711825677105
4,RNN-GRU,df_mixed_manual_uncleaned_new,498,0.5,0.8172690763052208,0.8341013824884793,0.7669491525423728,0.7991169977924945,0.6339428446342072
5,bert_tuned_uncased,df_mixed_manual_uncleaned_new,498,0.5,0.8273092369477911,0.8125,0.826271186440678,0.819327731092437,0.6540502009193865
6,roberta_hate_mixed_cleaned,df_mixed_manual_uncleaned_new,498,0.5,0.891566265060241,0.9099099099099099,0.8559322033898306,0.8820960698689956,0.7831508116701438
