,model,dataset_name,sample_size,threshold,accuracy,precision,recall,f1_score,mcc
0,BalancedRandomForest,df_mixed_manual_uncleaned_old,399,0.5,0.7644110275689223,0.7159090909090909,0.7411764705882353,0.7283236994219653,0.5207134587140054
1,ComplementNB,df_mixed_manual_uncleaned_old,399,0.5,0.6591478696741855,0.5611510791366906,0.9176470588235294,0.6964285714285714,0.4140668661238821
2,LinearSVC,df_mixed_manual_uncleaned_old,399,None,0.7669172932330827,0.6896551724137931,0.8235294117647058,0.7506702412868632,0.542474868068496
3,RNN-LSTM,df_mixed_manual_uncleaned_old,399,0.5,0.7368421052631579,0.6326530612244898,0.9117647058823529,0.7469879518072289,0.526936464313438
4,RNN-GRU,df_mixed_manual_uncleaned_old,399,0.5,0.7969924812030075,0.7486033519553073,0.788235294117647,0.7679083094555874,0.5883381521034725
5,bert_tuned_uncased,df_mixed_manual_uncleaned_old,399,0.5,0.7894736842105263,0.715,0.8411764705882353,0.772972972972973,0.5857591234859741
6,roberta_hate_mixed_cleaned,df_mixed_manual_uncleaned_old,399,0.5,0.8471177944862155,0.7978142076502732,0.8588235294117647,0.8271954674220963,0.6919571867747916
