,model,dataset_name,sample_size,threshold,accuracy,precision,recall,f1_score,mcc
0,BalancedRandomForest,df_mixed_test_cleaned,1000,0.35,0.659,0.3412526997840173,0.8144329896907216,0.4809741248097412,0.34577869653946464
1,ComplementNB,df_mixed_test_cleaned,1000,0.35,0.534,0.2841269841269841,0.9226804123711341,0.4344660194174757,0.29741020447052396
2,LinearSVC,df_mixed_test_cleaned,1000,None,0.719,0.38701298701298703,0.7680412371134021,0.5146804835924007,0.3861988291619802
3,RNN-LSTM,df_mixed_test_cleaned,1000,0.35,0.614,0.3160919540229885,0.8505154639175257,0.46089385474860334,0.3226561606858597
4,RNN-GRU,df_mixed_test_cleaned,1000,0.35,0.734,0.3983050847457627,0.7268041237113402,0.5145985401459854,0.38246893068876103
5,bert_tuned_uncased,df_mixed_test_cleaned,1000,0.35,0.838,0.5792079207920792,0.6030927835051546,0.5909090909090909,0.4901184618137825
6,roberta_hate_mixed_cleaned,df_mixed_test_cleaned,1000,0.35,0.844,0.6158536585365854,0.520618556701031,0.5642458100558659,0.4725113220898298
