,model,dataset_name,sample_size,threshold,accuracy,precision,recall,f1_score,mcc
0,BalancedRandomForest,df_mixed_test_uncleaned,1000,0.35,0.703,0.3957345971563981,0.7990430622009569,0.5293185419968305,0.3924241358163455
1,ComplementNB,df_mixed_test_uncleaned,1000,0.35,0.402,0.2565707133917397,0.9808612440191388,0.40674603174603174,0.23326718071905633
2,LinearSVC,df_mixed_test_uncleaned,1000,None,0.721,0.40591397849462363,0.722488038277512,0.5197934595524957,0.3727406945470501
3,RNN-LSTM,df_mixed_test_uncleaned,1000,0.35,0.634,0.3493282149712092,0.8708133971291866,0.4986301369863014,0.35994381965097677
4,RNN-GRU,df_mixed_test_uncleaned,1000,0.35,0.753,0.4454022988505747,0.7416267942583732,0.5565529622980251,0.42477224787591816
5,bert_tuned_uncased,df_mixed_test_uncleaned,1000,0.35,0.77,0.4620938628158845,0.6124401913875598,0.5267489711934157,0.38529286380713745
6,roberta_hate_mixed_cleaned,df_mixed_test_uncleaned,1000,0.35,0.785,0.4891304347826087,0.645933014354067,0.5567010309278351,0.4253869558300981
