,model,dataset_name,sample_size,threshold,accuracy,precision,recall,f1_score,mcc
0,BalancedRandomForest,df_mixed_train_uncleaned,1000,0.35,0.771,0.42586750788643535,0.7417582417582418,0.5410821643286573,0.43058696021491477
1,ComplementNB,df_mixed_train_uncleaned,1000,0.35,0.491,0.26061493411420206,0.978021978021978,0.4115606936416185,0.2990703986984145
2,LinearSVC,df_mixed_train_uncleaned,1000,None,0.816,0.4961832061068702,0.7142857142857143,0.5855855855855856,0.48516904733995475
3,RNN-LSTM,df_mixed_train_uncleaned,1000,0.35,0.744,0.40609137055837563,0.8791208791208791,0.5555555555555556,0.4683004615240894
4,RNN-GRU,df_mixed_train_uncleaned,1000,0.35,0.91,0.684,0.9395604395604396,0.7916666666666666,0.7511570435602697
5,bert_tuned_uncased,df_mixed_train_uncleaned,1000,0.35,0.85,0.5727272727272728,0.6923076923076923,0.6268656716417911,0.5378057227850132
6,roberta_hate_mixed_cleaned,df_mixed_train_uncleaned,1000,0.35,0.844,0.5575221238938053,0.6923076923076923,0.6176470588235294,0.525904542401492
