,model,dataset_name,sample_size,threshold,accuracy,precision,recall,f1_score,mcc
0,BalancedRandomForest,df_mixed_test_uncleaned,32582,0.5,0.7624148302743846,0.45080618624547547,0.6005260081823495,0.5150053254808596,0.36840043928897653
1,ComplementNB,df_mixed_test_uncleaned,32582,0.5,0.5964949972377386,0.32171748599875544,0.8309468147282291,0.4638473145467151,0.2985261345804081
2,LinearSVC,df_mixed_test_uncleaned,32582,None,0.7243570069363452,0.4066078140022725,0.6797194623027469,0.5088323762646978,0.35496427870803454
3,RNN-LSTM,df_mixed_test_uncleaned,32582,0.5,0.6968878521883248,0.3897294151876637,0.782875511396844,0.5203962703962703,0.37685210916073747
4,RNN-GRU,df_mixed_test_uncleaned,32582,0.5,0.7820882695967099,0.4858281665190434,0.6411455289304501,0.5527840765936004,0.4192609709032626
5,bert_tuned_uncased,df_mixed_test_uncleaned,32582,0.5,0.7810447486342152,0.48415646853146854,0.6474284044418469,0.554013503375844,0.42055146329532683
6,roberta_hate_mixed_cleaned,df_mixed_test_uncleaned,32582,0.5,0.7904978208826959,0.5009973404255319,0.6605786090005844,0.5698260650365515,0.44205179007091233
