,model,dataset_name,sample_size,threshold,accuracy,precision,recall,f1_score,mcc
0,BalancedRandomForest,df_mixed_manual_uncleaned_new,499,0.35,0.811623246492986,0.7814814814814814,0.8577235772357723,0.8178294573643411,0.6265791368177998
1,ComplementNB,df_mixed_manual_uncleaned_new,499,0.35,0.657314629258517,0.5907990314769975,0.991869918699187,0.7405159332321699,0.4287413541203027
2,LinearSVC,df_mixed_manual_uncleaned_new,499,None,0.8256513026052105,0.8244897959183674,0.8211382113821138,0.8228105906313645,0.6512195919226208
3,RNN-LSTM,df_mixed_manual_uncleaned_new,499,0.35,0.7755511022044088,0.7067901234567902,0.9308943089430894,0.8035087719298246,0.5818919458825277
4,RNN-GRU,df_mixed_manual_uncleaned_new,499,0.35,0.7935871743486974,0.8068669527896996,0.7642276422764228,0.7849686847599165,0.5875906476420071
5,bert_tuned_uncased,df_mixed_manual_uncleaned_new,499,0.35,0.8356713426853707,0.8416666666666667,0.8211382113821138,0.831275720164609,0.6713614078788938
6,roberta_hate_mixed_cleaned,df_mixed_manual_uncleaned_new,499,0.35,0.8897795591182365,0.9282511210762332,0.8414634146341463,0.8827292110874201,0.7825723826489259
