,model,dataset_name,sample_size,threshold,accuracy,precision,recall,f1_score,mcc
0,BalancedRandomForest,df_mixed_test_uncleaned,1000,0.35,0.699,0.37410071942446044,0.7959183673469388,0.5089722675367048,0.3794402203259918
1,ComplementNB,df_mixed_test_uncleaned,1000,0.35,0.39,0.23863636363636365,0.9642857142857143,0.3825910931174089,0.20958250207215579
2,LinearSVC,df_mixed_test_uncleaned,1000,None,0.739,0.4024024024024024,0.6836734693877551,0.5066162570888468,0.36738201147642935
3,RNN-LSTM,df_mixed_test_uncleaned,1000,0.35,0.648,0.33884297520661155,0.8367346938775511,0.4823529411764706,0.34849829467150006
4,RNN-GRU,df_mixed_test_uncleaned,1000,0.35,0.766,0.44025157232704404,0.7142857142857143,0.5447470817120622,0.4201483677798
5,bert_tuned_uncased,df_mixed_test_uncleaned,1000,0.35,0.799,0.49063670411985016,0.6683673469387755,0.5658747300215983,0.44795504391802815
6,roberta_hate_mixed_cleaned,df_mixed_test_uncleaned,1000,0.35,0.801,0.4942528735632184,0.6581632653061225,0.5645514223194749,0.4465052925416268
