,model,dataset_name,sample_size,threshold,accuracy,precision,recall,f1_score,mcc
0,BalancedRandomForest,df_mixed_train_cleaned_rnn,83305,0.35,0.7723666046455795,0.42960604576306766,0.8219425664368432,0.5642793134348935,0.47149017471022037
1,ComplementNB,df_mixed_train_cleaned_rnn,83305,0.35,0.4501530520376928,0.24292044243070363,0.9761697570118482,0.38903042509770447,0.2662283555020399
2,LinearSVC,df_mixed_train_cleaned_rnn,83305,None,0.8022567673008822,0.4670589245834049,0.7279603721801995,0.569029118593517,0.4671458295112641
3,RNN-LSTM,df_mixed_train_cleaned_rnn,83305,0.35,0.7041594142008283,0.36847525611144233,0.9101010777160452,0.5245673939464089,0.4396405069834756
4,RNN-GRU,df_mixed_train_cleaned_rnn,83305,0.35,0.9123582017886082,0.6738279472007283,0.9909632505522458,0.8021891679536156,0.7714654116999435
5,bert_tuned_uncased,df_mixed_train_cleaned_rnn,83305,0.35,0.8527219254546545,0.5711241342567928,0.7175848450364817,0.6360319202586846,0.5507871103158498
6,roberta_hate_mixed_cleaned,df_mixed_train_cleaned_rnn,83305,0.35,0.865218174179221,0.6178020443146467,0.6513822879710824,0.6341479309221245,0.5519016320618257
