,model,dataset_name,sample_size,threshold,accuracy,precision,recall,f1_score,mcc
0,BalancedRandomForest,df_mixed_train_cleaned,81904,0.35,0.7766165266653643,0.4437224634695236,0.9494065785011868,0.6047867974251523,0.5432545736806325
1,ComplementNB,df_mixed_train_cleaned,81904,0.35,0.589177573744872,0.29786779015804443,0.9445913869108172,0.4529136316337149,0.35377244761148
2,LinearSVC,df_mixed_train_cleaned,81904,None,0.7953579800742332,0.46218487394957986,0.8355374703289251,0.5951547064080578,0.5101063242997431
3,RNN-LSTM,df_mixed_train_cleaned,81904,0.35,0.6752905840984568,0.3423615175863353,0.8727026110545948,0.4917926276967763,0.38910089138882636
4,RNN-GRU,df_mixed_train_cleaned,81904,0.35,0.8003027935143583,0.4697963928156286,0.8497117667005765,0.605061090452504,0.524056431748485
5,bert_tuned_uncased,df_mixed_train_cleaned,81904,0.35,0.9062438952920492,0.7192503413181085,0.7860291624279416,0.7511584950905732,0.6945769366152746
6,roberta_hate_mixed_cleaned,df_mixed_train_cleaned,81904,0.35,0.9237399882789608,0.8079124701108615,0.7561885384876229,0.7811952637847684,0.7356692838710713
