,model,dataset_name,sample_size,threshold,accuracy,precision,recall,f1_score,mcc
0,BalancedRandomForest,df_mixed_manual_uncleaned_old,399,0.35,0.7568922305764411,0.6636771300448431,0.8705882352941177,0.7531806615776081,0.5408727495397221
1,ComplementNB,df_mixed_manual_uncleaned_old,399,0.35,0.568922305764411,0.4970414201183432,0.9882352941176471,0.6614173228346457,0.33786034440972784
2,LinearSVC,df_mixed_manual_uncleaned_old,399,None,0.7669172932330827,0.6896551724137931,0.8235294117647058,0.7506702412868632,0.542474868068496
3,RNN-LSTM,df_mixed_manual_uncleaned_old,399,0.35,0.7017543859649122,0.5955056179775281,0.9352941176470588,0.7276887871853547,0.4873225051181879
4,RNN-GRU,df_mixed_manual_uncleaned_old,399,0.35,0.7894736842105263,0.7239583333333334,0.8176470588235294,0.7679558011049724,0.5801718888372512
5,bert_tuned_uncased,df_mixed_manual_uncleaned_old,399,0.35,0.7894736842105263,0.715,0.8411764705882353,0.772972972972973,0.5857591234859741
6,roberta_hate_mixed_cleaned,df_mixed_manual_uncleaned_old,399,0.35,0.8471177944862155,0.7978142076502732,0.8588235294117647,0.8271954674220963,0.6919571867747916
