,model,dataset_name,sample_size,threshold,accuracy,precision,recall,f1_score,mcc
0,BalancedRandomForest,df_mixed_test_uncleaned,1000,0.5,0.775,0.4468864468864469,0.6224489795918368,0.5202558635394456,0.38728908642951165
1,ComplementNB,df_mixed_test_uncleaned,1000,0.5,0.599,0.3098330241187384,0.8520408163265306,0.454421768707483,0.31006741844612845
2,LinearSVC,df_mixed_test_uncleaned,1000,None,0.739,0.4024024024024024,0.6836734693877551,0.5066162570888468,0.36738201147642935
3,RNN-LSTM,df_mixed_test_uncleaned,1000,0.5,0.705,0.37897310513447435,0.7908163265306123,0.512396694214876,0.38344149726207283
4,RNN-GRU,df_mixed_test_uncleaned,1000,0.5,0.802,0.4962686567164179,0.6785714285714286,0.5732758620689655,0.4576840708049043
5,bert_tuned_uncased,df_mixed_test_uncleaned,1000,0.5,0.799,0.49063670411985016,0.6683673469387755,0.5658747300215983,0.44795504391802815
6,roberta_hate_mixed_cleaned,df_mixed_test_uncleaned,1000,0.5,0.801,0.4942528735632184,0.6581632653061225,0.5645514223194749,0.4465052925416268
