,model,dataset_name,sample_size,threshold,accuracy,precision,recall,f1_score,mcc
0,BalancedRandomForest,df_mixed_test_cleaned,32466,0.35,0.6667590710281526,0.3723868154418366,0.8491007457230589,0.5177194311951143,0.38131588601969435
1,ComplementNB,df_mixed_test_cleaned,32466,0.35,0.5245487587014107,0.2975175467520844,0.9235268314081005,0.4500498788656121,0.2928026612257881
2,LinearSVC,df_mixed_test_cleaned,32466,None,0.7197067701595515,0.4124661246612466,0.7789150460593655,0.5393338058114813,0.4022533955084812
3,RNN-LSTM,df_mixed_test_cleaned,32466,0.35,0.6171687303640732,0.33840194264569845,0.8558268752741629,0.4850217526413922,0.33452399455836873
4,RNN-GRU,df_mixed_test_cleaned,32466,0.35,0.7201071890593236,0.4107794888077473,0.7566895744991958,0.5324895817255749,0.390810236412728
5,bert_tuned_uncased,df_mixed_test_cleaned,32466,0.35,0.823292059385203,0.5735254870563117,0.6284544524053224,0.599734877555292,0.48749486266849534
6,roberta_hate_mixed_cleaned,df_mixed_test_cleaned,32466,0.35,0.8333025318795048,0.6140687450039968,0.5616318175171808,0.5866809225599511,0.4832927760229322
