,model,dataset_name,sample_size,threshold,accuracy,precision,recall,f1_score,mcc
0,BalancedRandomForest,df_mixed_manual_uncleaned_old,498,0.5,0.7730923694779116,0.7546296296296297,0.7309417040358744,0.7425968109339408,0.5400359693304397
1,ComplementNB,df_mixed_manual_uncleaned_old,498,0.5,0.6967871485943775,0.608433734939759,0.905829596412556,0.7279279279279279,0.4568632305346912
2,LinearSVC,df_mixed_manual_uncleaned_old,498,None,0.7871485943775101,0.7349397590361446,0.820627802690583,0.7754237288135594,0.5774538204897481
3,RNN-LSTM,df_mixed_manual_uncleaned_old,498,0.5,0.7610441767068273,0.6768707482993197,0.8923766816143498,0.769825918762089,0.5530387100730529
4,RNN-GRU,df_mixed_manual_uncleaned_old,498,0.5,0.8032128514056225,0.7880184331797235,0.7668161434977578,0.7772727272727272,0.601251800311887
5,bert_tuned_uncased,df_mixed_manual_uncleaned_old,498,0.5,0.7971887550200804,0.7541666666666667,0.8116591928251121,0.7818574514038877,0.5942379284206926
6,roberta_hate_mixed_cleaned,df_mixed_manual_uncleaned_old,498,0.5,0.8413654618473896,0.8243243243243243,0.820627802690583,0.8224719101123595,0.6791031410227437
