,model,dataset_name,sample_size,threshold,accuracy,precision,recall,f1_score,mcc
0,BalancedRandomForest,df_mixed_manual_uncleaned_new,498,0.35,0.8092369477911646,0.7601476014760148,0.8728813559322034,0.8126232741617357,0.6263873395096797
1,ComplementNB,df_mixed_manual_uncleaned_new,498,0.35,0.6385542168674698,0.5679611650485437,0.9915254237288136,0.7222222222222222,0.41233749501647027
2,LinearSVC,df_mixed_manual_uncleaned_new,498,None,0.8092369477911646,0.7831325301204819,0.826271186440678,0.8041237113402062,0.6193185291500515
3,RNN-LSTM,df_mixed_manual_uncleaned_new,498,0.35,0.7610441767068273,0.6811145510835913,0.9322033898305084,0.7871198568872988,0.563812162897136
4,RNN-GRU,df_mixed_manual_uncleaned_new,498,0.35,0.7951807228915663,0.7863247863247863,0.7796610169491526,0.7829787234042553,0.5890881453687342
5,bert_tuned_uncased,df_mixed_manual_uncleaned_new,498,0.35,0.8273092369477911,0.8125,0.826271186440678,0.819327731092437,0.6540502009193865
6,roberta_hate_mixed_cleaned,df_mixed_manual_uncleaned_new,498,0.35,0.891566265060241,0.9099099099099099,0.8559322033898306,0.8820960698689956,0.7831508116701438
