,model,dataset_name,sample_size,threshold,accuracy,precision,recall,f1_score,mcc
0,BalancedRandomForest,df_mixed_manual_uncleaned_new,430,0.35,0.7976744186046512,0.7163461538461539,0.8418079096045198,0.7740259740259741,0.5993426767077527
1,ComplementNB,df_mixed_manual_uncleaned_new,430,0.35,0.5976744186046512,0.5057803468208093,0.9887005649717514,0.6692160611854685,0.3882858345342679
2,LinearSVC,df_mixed_manual_uncleaned_new,430,None,0.7883720930232558,0.7239583333333334,0.7853107344632768,0.7533875338753387,0.5700303662045286
3,RNN-LSTM,df_mixed_manual_uncleaned_new,430,0.35,0.7348837209302326,0.6216216216216216,0.9096045197740112,0.7385321100917431,0.5251455438972578
4,RNN-GRU,df_mixed_manual_uncleaned_new,430,0.35,0.7883720930232558,0.7388888888888889,0.751412429378531,0.7450980392156863,0.5642636049386954
5,bert_tuned_uncased,df_mixed_manual_uncleaned_new,430,0.35,0.8162790697674419,0.7663043478260869,0.7966101694915254,0.7811634349030471,0.6232973227452128
6,roberta_hate_mixed_cleaned,df_mixed_manual_uncleaned_new,430,0.35,0.8790697674418605,0.8834355828220859,0.8135593220338984,0.8470588235294118,0.7490740212171757
