,model,dataset_name,sample_size,threshold,accuracy,precision,recall,f1_score,mcc
0,BalancedRandomForest,df_mixed_manual_uncleaned_new,499,0.5,0.8016032064128257,0.8418604651162791,0.7357723577235772,0.7852494577006508,0.6071584030214213
1,ComplementNB,df_mixed_manual_uncleaned_new,499,0.5,0.7575150300601202,0.6888217522658611,0.926829268292683,0.7902946273830156,0.5498245536324516
2,LinearSVC,df_mixed_manual_uncleaned_new,499,None,0.8256513026052105,0.8244897959183674,0.8211382113821138,0.8228105906313645,0.6512195919226208
3,RNN-LSTM,df_mixed_manual_uncleaned_new,499,0.5,0.8056112224448898,0.7542662116040956,0.8983739837398373,0.8200371057513914,0.6232746983958672
4,RNN-GRU,df_mixed_manual_uncleaned_new,499,0.5,0.8156312625250501,0.8564814814814815,0.7520325203252033,0.8008658008658008,0.6351926139387662
5,bert_tuned_uncased,df_mixed_manual_uncleaned_new,499,0.5,0.8356713426853707,0.8416666666666667,0.8211382113821138,0.831275720164609,0.6713614078788938
6,roberta_hate_mixed_cleaned,df_mixed_manual_uncleaned_new,499,0.5,0.8897795591182365,0.9282511210762332,0.8414634146341463,0.8827292110874201,0.7825723826489259
