,model,dataset_name,sample_size,threshold,accuracy,precision,recall,f1_score,mcc
0,BalancedRandomForest,df_mixed_train_cleaned,1000,0.35,0.781,0.45691906005221933,0.9408602150537635,0.6151142355008787,0.5485644892470518
1,ComplementNB,df_mixed_train_cleaned,1000,0.35,0.61,0.31654676258992803,0.946236559139785,0.4743935309973046,0.3754424216506863
2,LinearSVC,df_mixed_train_cleaned,1000,None,0.796,0.47115384615384615,0.7903225806451613,0.5903614457831325,0.4935073635082253
3,RNN-LSTM,df_mixed_train_cleaned,1000,0.35,0.668,0.341991341991342,0.8494623655913979,0.4876543209876543,0.3715024393068329
4,RNN-GRU,df_mixed_train_cleaned,1000,0.35,0.822,0.5127388535031847,0.8655913978494624,0.644,0.5681131899286058
5,bert_tuned_uncased,df_mixed_train_cleaned,1000,0.35,0.908,0.7526881720430108,0.7526881720430108,0.7526881720430108,0.6961771155319543
6,roberta_hate_mixed_cleaned,df_mixed_train_cleaned,1000,0.35,0.924,0.8273809523809523,0.7473118279569892,0.7853107344632768,0.7406966174318791
