,model,dataset_name,sample_size,threshold,accuracy,precision,recall,f1_score,mcc
0,BalancedRandomForest,df_mixed_test_cleaned,32466,0.5,0.7714532125916344,0.47147766323024054,0.7021494370522006,0.5641447368421053,0.43246256828034085
1,ComplementNB,df_mixed_test_cleaned,32466,0.5,0.7140701041089139,0.40293884034948374,0.7417751133206609,0.5222090689175974,0.3753042378519202
2,LinearSVC,df_mixed_test_cleaned,32466,None,0.7197067701595515,0.4124661246612466,0.7789150460593655,0.5393338058114813,0.4022533955084812
3,RNN-LSTM,df_mixed_test_cleaned,32466,0.5,0.6541920778660753,0.3591422701592193,0.8179558414972949,0.4991300468436315,0.34970130028129925
4,RNN-GRU,df_mixed_test_cleaned,32466,0.5,0.7465348364442802,0.4365180854950676,0.6987863722766486,0.5373587451509529,0.3950960740558287
5,bert_tuned_uncased,df_mixed_test_cleaned,32466,0.5,0.823292059385203,0.5735254870563117,0.6284544524053224,0.599734877555292,0.48749486266849534
6,roberta_hate_mixed_cleaned,df_mixed_test_cleaned,32466,0.5,0.8333025318795048,0.6140687450039968,0.5616318175171808,0.5866809225599511,0.4832927760229322
