,precision,recall,f1-score,support
0,0.8855577216923969,0.6558573323967846,0.7535926465642867,25626.0
1,0.3460625834198428,0.6824097090217868,0.45923739237392375,6839.0
accuracy,0.6614507931618666,0.6614507931618666,0.6614507931618666,0.6614507931618666
macro avg,0.6158101525561198,0.6691335207092857,0.6064150194691053,32465.0
weighted avg,0.7719089537686021,0.6614507931618666,0.6915844659572363,32465.0
