,precision,recall,f1-score,support
0,0.8217321284781247,0.7168110512760477,0.765694039182993,25626.0
1,0.28226683809712194,0.41731247258371107,0.3367551622418879,6839.0
accuracy,0.6537193901124287,0.6537193901124287,0.6537193901124287,0.6537193901124287
macro avg,0.5519994832876234,0.5670617619298794,0.5512246007124404,32465.0
weighted avg,0.7080896482404634,0.6537193901124287,0.6753347913961388,32465.0
