,precision,recall,f1-score,support
0,0.9126405664306539,0.6840441721621727,0.7819783651165384,25627.0
1,0.3892744003620456,0.7546424915923381,0.513608996367617,6839.0
accuracy,0.6989157888252325,0.6989157888252325,0.6989157888252325,0.6989157888252325
macro avg,0.6509574833963497,0.7193433318772554,0.6477936807420777,32466.0
weighted avg,0.8023928854800222,0.6989157888252325,0.7254460509147928,32466.0
