,precision,recall,f1-score,support
0,0.8903763464692583,0.7837827291528466,0.8336861329016726,25627.0
1,0.44069849601292016,0.6383974265243456,0.5214379553326167,6839.0
accuracy,0.7531571490174336,0.7531571490174336,0.7531571490174336,0.7531571490174336
macro avg,0.6655374212410893,0.7110900778385961,0.6775620441171446,32466.0
weighted avg,0.7956511934084902,0.7531571490174336,0.7679106974801617,32466.0
