,precision,recall,f1-score,support
0,0.8197647242131505,0.821204198696687,0.8204838300941539,25627.0
1,0.32558139534883723,0.323439099283521,0.3245067116555417,6839.0
accuracy,0.7163494116922319,0.7163494116922319,0.7163494116922319,0.7163494116922319
macro avg,0.5726730597809939,0.572321648990104,0.5724952708748479,32466.0
weighted avg,0.7156644412678219,0.7163494116922319,0.7160056833251751,32466.0
