,precision,recall,f1-score,support
0,0.8939336748449717,0.646895852031061,0.7506112469437652,25627.0
1,0.34997485812800805,0.7123848515864892,0.46936416184971097,6839.0
accuracy,0.6606911846239143,0.6606911846239143,0.6606911846239143,0.6606911846239143
macro avg,0.6219542664864899,0.6796403518087751,0.6099877043967381,32466.0
weighted avg,0.779348128503343,0.6606911846239143,0.6913662270781139,32466.0
